Designator,Footprint,Quantity,Value,LCSC Part #
AE1,Texas_SWRA117D_2.4GHz_Right,1,Antenna_Shield,
C1,0603,1,"4.7uF
50V",
"C10, C11, C12, C13, C14",1210,5,"22uF
25V",C309062
C15,0805,1,10uF,
"C16, C19, C20, C24, C26, C27, C30, C31, C37, C38, C39, C4, C40",0402,13,100nF,
"C17, C18",0805,2,22uF,
"C2, C3",0402,2,400pF,C76971
"C21, C25, C28, C33",0402,4,1uF,
"C22, C23",0402,2,12pF,
C29,0603,1,10uF,
C32,0402,1,10nF,
"C34, C35",0402,2,17pF,
"C36, C9",0603,2,1uF,
C41,0402,1,4pF,C541337
C42,0402,1,4.6pF,C1855288
"C5, C7",0805,2,"10uF
50V",
"C6, C8",0603,2,470nF,
"J1, J3, J4",SolderWirePad_1x01_SMD_3x6mm,3,Conn_01x01_Pin,
J2,USB_C_Receptacle_HCTL_HC-TYPE-C-16P-01A,1,USB_C_Receptacle_USB2.0_16P,C2894897
L1,IND-SMD_L17.5-W17.5_SLO1770H,1,ZEMS1770-6R8M,C41438687
L2,IND-SMD_L4.0-W3.2_XRCD43,1,XRCD43-3R9M,C5289397
L3,L0603,1,VHF160808H2N0ST,C395081
L5,L0402,1,TCGL1005B1N8SAT,C52109814
Q1,SOT-23,1,2N7002K,
"R1, R2",0402,2,100K,
R3,0402,1,24.9K,
R4,0402,1,14.3K,
"R5, R6, R7, R8, R9",0402,5,4.7K,
"SW1, SW2",SW-SMD_L3.9-W3.0-P4.45,2,TS-1088-AR02016,C720477
U1,QFN-40_L5.0-W5.0-P0.40-TL-EP3.3,1,ESP32-C6_C5364646,C5364646
U2,SOT-666,1,USBLC6-2P6,
U3,TSOT-23-6,1,AP63203WU,C780769
U4,WQFN-14-1EP_2.5x2.5mm_P0.5mm_EP1.45x1.45mm,1,FUSB302BMPX,
U5,WSON-8-1EP_6x5mm_P1.27mm_EP3.4x4.3mm,1,W25Q128JVP,C2441427
U6,VQFN-16_L4.5-W3.5-P0.50-TL_TI_RPH,1,LM61495QRPHRQ1,C3188410
U7,LGA-14_L3.0-W2.5-P0.50-TL_QMI8658A,1,BMI323,C5368700
U8,LGA-10_L2.0-W2.0-P0.50-TL_BMP581,1,BMP581,C5362283
X1,CRYSTAL-SMD_4P-L3.2-W2.5-BL,1,XL2EL89COI-111YLC-40M,C18214314
X2,FC-135R_L3.2-W1.5,1,Q13FC1350000400,C32346
