Designator,Mid X,Mid Y,Rotation,Layer
AE1,74.75,-41.9,0.0,top
C1,80.4,-76.8,0.0,top
C10,62.0,-51.8,0.0,top
C11,60.9,-48.2,0.0,top
C12,56.9,-51.825,180.0,top
C13,62.0,-55.2,0.0,top
C14,56.9,-55.2,180.0,top
C15,76.8,-76.6,180.0,top
C16,76.6,-70.9,0.0,top
C17,75.45,-64.2,180.0,top
C18,78.9,-64.2,0.0,top
C19,76.5775,-85.51,270.0,top
C2,75.5775,-82.31,90.0,top
C20,76.5775,-83.61,90.0,top
C21,72.5775,-82.01,180.0,top
C22,82.6,-46.4,180.0,top
C23,87.742314,-46.93,90.0,top
C24,87.5,-54.6,0.0,top
C25,87.5,-53.6,0.0,top
C26,77.41,-53.4,180.0,top
C27,86.392314,-49.83,90.0,top
C28,75.01,-52.92,270.0,top
C29,73.81,-51.525,90.0,top
C3,75.5775,-86.59,270.0,top
C30,76.01,-52.92,270.0,top
C31,79.01,-50.8,90.0,top
C32,80.992314,-47.71,90.0,top
C33,82.972314,-48.61,0.0,top
C34,75.91,-54.8,270.0,top
C35,75.91,-56.7,90.0,top
C36,77.81,-52.4,180.0,top
C37,76.44,-60.115,90.0,top
C38,76.65,-58.675,0.0,top
C39,81.3,-56.4,0.0,top
C4,60.4,-80.7,180.0,top
C40,81.9,-57.8,270.0,top
C41,79.0,-46.4,180.0,top
C42,79.0,-48.9,180.0,top
C5,68.4,-78.8,90.0,top
C6,66.6,-79.025,90.0,top
C7,59.0,-78.5,90.0,top
C8,60.8,-78.7,90.0,top
C9,63.1,-83.8,0.0,top
H1,57.4,-85.25,0.0,top
J1,57.45,-39.65,0.0,top
J2,83.4,-85.9,0.0,top
J3,62.7,-39.65,0.0,top
J4,67.95,-39.65,0.0,top
L1,63.7,-67.0,90.0,top
L2,77.1,-67.7,90.0,top
L3,77.31,-51.3,180.0,top
L5,79.5,-47.7,270.0,top
Q1,65.6,-85.8,0.0,top
R1,67.0,-83.5,0.0,top
R2,62.6,-85.1,0.0,top
R3,62.1,-86.5,270.0,top
R4,63.1,-86.5,270.0,top
R5,71.1775,-83.62,270.0,top
R6,69.5775,-84.11,270.0,top
R7,71.1775,-85.82,90.0,top
R8,88.4,-64.525,270.0,top
R9,68.125,-86.25,90.0,top
SW1,86.8,-67.575,270.0,top
SW2,86.8,-74.8,90.0,top
U1,83.0,-52.4,90.0,top
U2,83.5,-79.2,90.0,top
U3,77.075,-73.485,270.0,top
U4,73.54,-84.46,270.0,top
U5,86.735,-59.5,90.0,top
U6,63.695076,-80.575044,0.0,top
U7,74.4,-60.1,90.0,top
U8,80.4,-57.9,270.0,top
X1,85.592314,-46.91,270.0,top
X2,77.42,-55.775,270.0,top
